,name,rank,price,market_cap,amount,operacion,variacion,market_value,cluster,roi,roi_acumulado
0,GALA,51,0.37893743427826443,2643924326.350199,502.98484459909105,venta,-1026.9613507929284,190.5997864932311,3,2.529625675800576,21.223173959694584
1,CRV,52,5.422452911145402,2418162006.333469,35.15010450371439,venta,-24.470548487988285,190.59978649323116,3,0.35754833684637566,2.8918716900487587
2,LRC,53,1.8097291137976184,2404616210.453476,105.31951165512712,venta,-144.8807673242462,190.59978649323114,3,0.5571877981473132,6.133897116588094
3,RUNE,54,7.117384534590473,2353634093.5155625,26.779470122334494,venta,-0.642169924746791,190.59978649323116,3,0.35754833684637566,8.08323468036039
4,KSM,55,267.8836488646774,2269000773.820976,0.7115021290064384,venta,-0.015333664865235042,190.59978649323116,3,-0.4746603645320071,1.7141463994295123
5,MKR,56,2252.203166195686,2221056645.033353,0.08331924693290813,,0.0,187.6518717473359,3,-0.7383503313326907,-2.0147555304621623
6,BSV,57,114.69372958478795,2172718775.868587,1.6618152289862478,venta,-0.11161349816051096,190.59978649323116,3,-0.7140556414541305,-1.1892144892358554
7,ENJ,58,2.4517414811278044,2075974598.6987786,78.81055508540268,,0.0,193.2231070535896,3,0.37623295622214803,3.057170715287666
8,QNT,59,167.0579386962988,2016846724.7004771,1.1409202578497633,venta,-0.10062046643903512,190.59978649323116,3,0.35754833684637566,14.32190133978881
9,CELO,60,5.130530016767686,1986085800.7344496,37.1501162395132,venta,-20.40888364621089,190.59978649323116,3,0.35754833684637566,3.038486095911894
10,XEC,61,0.0001048711527571795,1986637659.4666271,1817466.3049098854,compra,38298.59355217684,190.59978649323116,3,0.07008258118482558,3.5416717991850124
11,AMP,62,0.04688800557562185,1979972735.5428672,4065.000934744991,venta,-202.07050394860713,190.59978649323116,3,-0.629678617620923,-2.766379696495902
12,AR,63,56.496074432638224,1886669513.3516982,3.373681948831478,venta,-1.4180049013679459,190.59978649323116,3,0.4309293280272608,3.4647350529964585
13,ZEC,64,137.75478032423644,1854175899.2947142,1.3836164962450834,compra,0.2059682307813573,190.59978649323116,3,0.35754833684637566,3.0384860959118942
14,KDA,65,10.720554968771912,1785077920.489534,17.53767957374137,,0.0,188.01365789500272,3,3.0173858524573234,13.943843216992349
15,BAT,66,1.182507699529064,1766672320.380791,161.18270229372536,venta,-22.810411594901957,190.59978649323116,3,0.35754833684637566,2.9912271664791357
16,NEO,67,24.546017802851345,1731447401.5183225,7.76499829927975,compra,0.1624889914314167,190.59978649323116,3,-0.6905533654092645,-0.3489758301980401
17,KCS,68,21.31485367884188,1707717045.918101,8.942110950657353,venta,-0.7397153730061204,190.59978649323116,3,0.35754833684637566,2.875099784042167
18,CHZ,69,0.27995668372604676,1667119864.280691,676.6302526377698,,0.0,189.42716163718723,3,0.3491963079571738,3.0134844120230246
19,OKB,70,26.3996633862422,1583979803.174532,7.219780938288762,venta,-1.665098915158382,190.5997864932312,3,0.430929328027261,3.447056557475997
20,WAVES,71,14.441509091259668,1547373328.3368363,13.198051899478187,compra,2.024369570165371,190.59978649323116,3,-0.4980087927750291,-0.12554761358589706
21,NEXO,72,2.402686179156825,1345504286.75737,79.32779076463426,venta,-14.776887616135086,190.59978649323116,3,0.35754833684637566,2.8750997840421673
22,MINA,73,3.912267858183424,1335435993.8899016,48.71849101399003,venta,-12.38698977412625,190.59978649323116,3,0.5571877981473135,4.005900743345523
23,ROSE,74,0.3848861141507846,1344412703.0172079,495.21086754135536,venta,-339.5458303856483,190.59978649323116,3,1.4065629607731207,6.9561463295551516
24,DASH,75,123.2523952609942,1296057765.6796181,1.5464185185985626,venta,-0.04900503320304495,190.59978649323116,3,0.35754833684637566,3.0384860959118933
25,COMP,76,205.34917924870769,1296609113.8055587,0.9281740847008068,venta,-0.08820553407510172,190.59978649323116,3,-0.7066285152581339,-2.7793899800796815
26,RVN,77,0.1188109764557047,1242698655.799385,1604.2270855697489,venta,-678.3079080308149,190.5997864932312,3,0.430929328027261,3.180754323596515
27,YFI,78,32744.178254783128,1199672074.6692662,0.005820875546491664,venta,-0.0027394919668556413,190.5997864932312,3,0.3575483368463759,2.791206257720388
28,XEM,79,0.12983260265383023,1168493423.7546394,1468.042560938435,venta,-201.772509928563,190.59978649323116,3,0.35754833684637566,3.038486095911894
29,HOT,80,0.006776462844521996,1173098444.2304,28126.736745455564,compra,4970.840889262243,190.59978649323116,3,0.35754833684637566,3.038486095911894
30,XDC,81,0.09415055900137134,1158523824.1062856,1920.5986707450506,venta,-621.6306630217218,180.82543846793726,3,0.28793047341835654,2.790768678555283
31,IOTX,82,0.11099719388178696,1058999732.4435462,1629.0991884039702,venta,-166.46840718231502,180.82543846793726,3,0.569665264478622,4.131868310267966
32,VLX,83,0.45881171715509594,1030389517.7604029,394.11687127164475,venta,-198.62147567721647,180.82543846793723,3,1.283149475605268,6.568280762159257
33,1INCH,84,2.332959000357082,1022875801.9267775,77.37924121118505,,0.0,180.5225972244358,3,0.3552747539372054,2.7693596492937855
34,SUSHI,85,7.680692587789309,977325450.1874793,23.542855855917445,venta,-11.930140019479149,180.82543846793726,3,0.28793047341835654,2.7760867563532523
35,TFUEL,86,0.18215999690029752,965669198.6718125,992.6737019374747,compra,164.37621594096368,180.82543846793726,3,-0.5956384324965763,-3.187290951239082
36,DCR,87,66.65763822775139,909904789.9380472,2.7127489553425956,compra,0.47598458588092996,180.82543846793726,3,-0.579781116123893,-2.5745295784431477
37,GNO,88,487.5898850686266,909368300.5798855,0.3708555981272801,venta,-0.06949329808434902,180.82543846793726,3,0.47733201362693856,3.1582697726924573
38,SCRT,89,6.034870972544799,904118594.1727381,29.963430749487316,venta,-13.815714170003723,180.82543846793726,3,1.5114644231657959,7.272129777461478
39,LPT,90,42.6049982768472,901720103.9725009,4.244230625076756,venta,-0.6757695130205342,180.8254384679373,3,0.3575483368463759,2.5398239688788085
40,BORA,91,1.002871602117775,863723167.3239337,180.30766659070432,venta,-36.97027989575738,180.82543846793726,3,1.0928870193048295,5.200995374091221
41,CEL,92,3.6431033653898477,870204492.9469652,49.63500080338434,venta,-5.186070325888345,180.82543846793726,3,0.28793047341835654,2.797482371573188
42,ANKR,93,0.10197241257226461,832390543.1380539,1773.2780259542453,venta,-118.58344594611422,180.82543846793726,3,0.35754833684637566,3.036227800514592
43,IMX,94,4.407484791436784,829315723.305065,41.02690015386088,compra,3.860567585197934,180.82543846793726,3,-0.11316070746527163,0.0
44,WAXP,95,0.4331897980006495,822920685.9751416,417.4277402250044,venta,-19.464258629184414,180.82543846793726,3,0.47733201362693856,3.453154268671139
45,QTUM,96,8.278574666990698,819211188.5918108,21.842581089344474,compra,2.1837906359431045,180.82543846793726,3,0.28793047341835654,2.800412170951337
46,ZIL,97,0.06696122422373221,818762653.8829356,2700.450007660547,venta,-369.62272608663176,180.82543846793726,3,0.28793047341835654,2.7974823715731887
47,REV,98,0.00928439647694528,789744558.0624263,19476.272789185303,venta,-791.3020818021795,180.82543846793726,3,0.28793047341835654,2.738360300298961
48,OMG,99,5.606555822212985,786293654.0698279,32.738709400904135,,0.0,183.55140180337807,3,0.37801352705238767,3.2368531952571984
49,ELON,100,1.41031920116554e-06,783343340.1025598,128215965.8029873,venta,-38934559.17186868,180.82543846793726,3,5.278661057914488,18.02614435906109
50,BNT,101,3.314353324131676,772271386.6071237,54.55828657474578,venta,-4.12940817526522,180.82543846793726,3,0.28793047341835654,2.6254731216665297
51,RENBTC,102,43538.561455622425,765616913.1632267,0.004161249642460698,,0.0,181.17482329046194,3,0.36017134602448886,3.0411091050900074
52,VGX,103,2.732101297359148,760841618.6681767,66.18548098590756,compra,11.951154427170941,180.82543846793726,3,0.35754833684637566,3.036690029552625
53,ICX,104,1.1009951007443797,763362298.6025642,165.96186473860956,,0.0,182.72319998761054,3,0.37179579570278176,3.230635463907592
54,AUDIO,105,1.459049252097878,752498283.0194951,123.93374535365368,compra,6.026800166478026,180.82543846793726,3,1.2831494756052684,8.519842749123788
55,NFT,106,2.71060611153587e-06,751056266.1002966,67276531.44372216,,0.0,182.3601772942884,3,2.3770403202646,5.5142745405476035
56,SNX,107,6.414336731675234,736632263.5206326,28.1908240917547,venta,-6.660802116238971,180.8254384679373,3,0.28793047341835676,2.7011334743759554
57,SC,108,0.014504598476471184,723246173.2876909,12466.766230121124,compra,530.4501879932595,180.82543846793726,3,0.35754833684637566,3.038486095911894
58,UMA,109,11.088441786553341,720437266.1910521,16.30756078705481,venta,-1.75818205149891,180.82543846793726,3,0.35754833684637566,2.6190504001481965
59,ZEN,110,60.590166071173776,722468051.7077655,2.9844024235801907,compra,0.17723147264661776,180.82543846793726,3,0.28793047341835654,2.580476861122622
60,ZRX,111,0.8313289988139121,704548046.7379283,199.87744523175374,venta,-44.00883593913045,166.1639164299964,3,0.24747685007504772,2.9254762594655306
61,BTG,112,38.97656923363734,682632655.3192928,4.263174509638333,venta,-0.529961681705954,166.1639164299964,3,0.18350367827632752,2.6171615991503394
62,PERP,113,9.37777370941031,698409697.0083328,17.718908728119125,venta,-0.7073432734082269,166.1639164299964,3,0.7752555174144917,6.70582078993081
63,SYS,114,1.03303728523068,647831766.6082273,160.8498732868984,venta,-118.64356958309054,166.1639164299964,3,1.3078321726388387,5.23635137900653
64,KAVA,115,4.3982989984340595,643064067.7037008,37.77913154361635,venta,-11.469944786542229,166.1639164299964,3,0.3575483368463759,3.298836644622016
65,TEL,116,0.010950738891126308,631661727.4377955,15173.762983668956,venta,-1664.11704503782,166.1639164299964,3,0.18350367827632752,2.4119176087416268
66,WOO,117,1.0782920629953967,619222735.1500155,154.0991741777346,venta,-114.23687878724304,166.1639164299964,3,0.3575483368463759,2.848081857668297
67,FLUX,118,2.784040260268614,621813526.1268251,59.68445169466203,venta,-64.38415851252104,166.1639164299964,3,1.835303862955067,3.8443285027566936
68,SKL,119,0.1909263919404754,607587158.0261917,870.3035486146979,compra,51.825737854662066,166.1639164299964,3,0.3575483368463759,3.139205148736754
69,CKB,120,0.020438749528736047,598478778.3752897,8262.741599293202,,0.0,168.88010596862168,3,0.26786866342809046,2.3410706647189627
70,HIVE,121,1.5190441238941128,585162508.7159362,108.39290616295413,,0.0,164.65360717864144,3,0.5771418312130407,3.9886399007588738
71,STORJ,122,1.6369150277921376,576886337.7199874,101.51041050317524,venta,-5.892709512487455,166.1639164299964,3,0.3575483368463761,3.01759037142845
72,CHSB,123,0.5755415037779219,575541503.7779219,285.6662940972237,,0.0,164.41280848338224,3,0.23433039401938593,2.639679786147988
73,ONT,124,0.6329798438982577,554015307.0735444,262.51059655653876,compra,6.7766328430146245,166.1639164299964,3,0.24747685007504772,2.8177134126185477
74,IOST,125,0.029986153346161813,542740968.3777013,5541.354855082309,venta,-121.34889309748193,166.1639164299964,3,0.24747685007504772,2.804297998952122
75,MOVR,126,198.24891668738582,539047923.9231696,0.8527213791555974,,0.0,169.05108965377076,3,0.17956334771482152,0.4869230309000079
76,OCEAN,127,0.8698165780375147,533283796.82045794,191.0332829076406,venta,-7.381185398800617,166.1639164299964,3,0.3575483368463759,3.0384860959118942
77,REN,128,0.5210108300699074,519845876.4342438,318.92603155235963,compra,20.25654677243068,166.1639164299964,3,0.24747685007504772,2.906504666407459
78,DYDX,129,7.857404393582333,515204466.61709607,21.147430895336576,venta,-0.44307374700682794,166.1639164299964,3,-0.2002989104485705,-0.29855594948237785
79,RAY,130,6.074264555884179,484354907.94216853,27.35539667415907,compra,4.682563977234555,166.1639164299964,3,0.7752555174144915,5.555309267407454
80,GT,131,6.183889897770632,483221753.5966685,26.87045196097371,venta,-3.1498056982601943,166.1639164299964,3,0.3575483368463761,2.8499596313282485
81,NU,132,0.6845359201331377,481228751.8535958,240.90972540644003,,0.0,164.91136055011896,3,0.43152222699756027,2.9006489221135014
82,CELR,133,0.0775296671649276,475350822.4522208,2143.2301015367266,venta,-262.82365871891176,166.1639164299964,3,0.4423951078992743,3.4677756266235984
83,DGB,134,0.0309772132912055,464228040.72068745,5364.069223010796,compra,382.3513308656884,166.1639164299964,3,0.24747685007504772,2.6574396668898848
84,POLY,135,0.49363077879111694,443552345.8334063,339.92998461040776,,0.0,167.79990303768798,3,0.607278764728812,4.413743656418136
85,SRM,136,3.405482801900749,453718538.862107,48.793056989526725,compra,2.476151956068591,166.1639164299964,3,0.4423951078992743,3.8398850762043826
86,XNO,137,3.4072258383511818,454007041.12591577,48.76809589774833,compra,2.3465660407475255,166.1639164299964,3,0.24747685007504772,2.6574396668898856
87,GLM,138,0.4451209390542852,445120939.05428517,372.4192119334448,,0.0,165.7715893376718,3,0.24453145148402244,2.382816073367303
88,CEEK,139,0.59608983663919,443596184.96661955,278.7564998035263,venta,-9.960661257733653,166.1639164299964,3,0.2741635076718485,0.2741635076718485
89,CHR,140,0.7629772733554914,432889987.55345476,217.78357263411726,venta,-72.43317637102103,166.1639164299964,3,2.077109563518452,10.526894179703007
90,FET,141,0.5719352468118907,426728712.29246324,273.43929103243215,venta,-18.604386278838998,156.3895684047025,3,0.27769255232600076,2.868584927529316
91,XYO,142,0.03189869140858902,409732989.76007974,4902.69542413245,compra,237.77361939514958,156.3895684047025,3,1.5553851046520015,10.747191556416157
92,ANT,143,10.298019733492541,407899647.5266992,15.186372958295298,venta,-8.657592737629674,156.3895684047025,3,0.4979843716925527,1.7277293936814002
93,WIN,144,0.000415665153056729,399760682.0048653,376239.30525482085,compra,29539.407436930807,156.3895684047025,3,0.27769255232600076,2.942257082602337
94,TRAC,145,1.0860140810320265,395258986.1253017,144.0032603040352,compra,5.837917774377729,156.3895684047025,3,0.8100644491285012,4.2521968679726605
95,UOS,146,1.3577238686007704,383904665.1495583,115.18510650171665,compra,6.808984653011777,156.3895684047025,3,0.4979843716925527,3.13597128210691
96,JST,147,0.052017052462752116,379746590.2253871,3006.5057707121805,compra,88.35031641172691,156.3895684047025,3,0.4979843716925527,1.7245950510610164
97,XDB,148,0.4295572669919097,375694257.41090864,364.07152298891947,compra,43.99268871382742,156.3895684047025,3,0.8840439633478556,4.865976739059282
98,ALICE,149,12.2589170892402,375122862.93075013,12.735083700286218,,0.0,156.11833520634303,3,1.1683102111992087,8.78440472563679
99,WRX,150,1.1145388172243467,362288493.1143531,140.31774038536935,venta,-10.272222522643354,156.3895684047025,3,0.17409585889416257,2.0516049192376977
100,CSPR,151,0.118705067640141,359938469.74617463,1317.4632853822511,compra,317.89699673590746,156.3895684047025,3,1.1720773389542014,6.271568943967479
101,DENT,152,0.0035612363190390397,352590141.8990169,43914.40342462375,venta,-2812.842769833731,156.3895684047025,3,0.27769255232600076,3.019123209101407
102,FX,153,0.8340823497553864,340739619.2894693,187.49895433054934,compra,27.461779656154107,156.3895684047025,3,0.4979843716925527,1.991300651913114
103,INJ,154,7.611898870210467,332289612.00739664,20.545408060627366,compra,2.6318825131948884,156.3895684047025,3,0.27769255232600076,2.7815300712366113
104,PAXG,155,1817.9941267565496,329735481.43481785,0.08602314281604104,venta,-0.0128311632171634,156.3895684047025,3,0.8100644491285012,6.1473881603698155
105,REQ,156,0.32585070864812227,325810666.68930227,479.9423915741228,compra,137.37739387182353,156.3895684047025,3,1.8961031186056014,9.852979799060531
106,SOUL,157,3.1136725513291696,321201755.6358921,50.22672288964446,venta,-12.549647998319447,156.3895684047025,3,1.66852128278124,3.395449862601463
107,SXP,158,1.6662057634419263,321192466.5923273,93.85969718508495,venta,-17.255944517383373,156.3895684047025,3,0.35754833684637566,3.4491878446665174
108,COTI,159,0.3692720087926048,320776298.00706476,423.5077793089266,venta,-86.4559597112783,156.3895684047025,3,0.9746157626856373,6.757391649302643
109,CTSI,160,0.646711461228862,316740668.4034237,241.82278771979028,compra,15.588704822758473,156.3895684047025,3,0.35754833684637566,3.009876129287845
110,DAG,161,0.23069177306533722,292266159.69018984,677.915672183114,venta,-62.321635480149666,156.3895684047025,3,0.35754833684637566,2.3666968517088476
111,MDX,162,0.361894633716954,298347139.2212947,432.14116440040476,compra,91.25903053066145,156.3895684047025,3,0.11388581484830818,2.0914727241881472
112,REEF,163,0.016424998990055402,287941827.27733326,9521.435495940628,compra,438.33730189942435,156.3895684047025,3,0.35754833684637566,3.151689393543202
113,DUSK,164,0.7384307336823127,287578474.143583,211.7863751754194,compra,13.115995225616047,156.3895684047025,3,2.341657444544925,2.1312569998718676
114,DVI,165,0.9729351055193093,284482615.26460457,160.7399789744751,compra,11.37768138979115,156.3895684047025,3,1.8961031186056014,7.017469475432653
115,LSK,166,2.182734203076729,281355409.0499301,71.64847107094374,compra,4.27422515292092,156.38956840470246,3,0.17409585889416235,2.1450817076037065
116,ALPHA,167,0.6304849449043662,281404424.90026885,248.04647544506253,compra,14.375533444970273,156.3895684047025,3,0.35754833684637566,3.4228714854998974
117,MED,168,0.05102627664739568,274643889.5968979,3024.7802319258417,,0.0,154.34327291182166,3,0.47838384015154856,4.253136779210545
118,POWR,169,0.5586168737771762,258911154.62876564,279.95854716534024,compra,8.239873471387796,156.3895684047025,3,0.9746157626856373,3.595701487909931
119,VTHO,170,0.006058909713078005,267536818.4447638,25811.503357962163,compra,2031.0425172899813,156.3895684047025,3,0.27769255232600076,2.5591560780919878
120,XVG,171,0.016064371948101352,264931896.65909517,8933.461167285506,,0.0,143.51044297519405,3,0.0774057280419973,2.056843097846654
121,EWT,172,8.633053485212834,259528045.23384917,16.41690817849341,compra,1.174370698078766,141.72804636676162,3,0.23027818026702795,2.7414109928855845
122,RLC,173,3.124347677618255,250168996.90059426,45.362443937354435,venta,-1.919985260848963,141.72804636676162,3,0.1579088755454381,2.414343807519506
123,OXT,174,0.35626235763901276,246066877.64345464,399.5679396549077,,0.0,142.3510162184202,3,0.23568590467378647,2.6343701559924186
124,ELF,175,0.44174116458291995,240519317.63436258,320.8395724237686,compra,6.948885124743867,141.72804636676162,3,0.35754833684637566,3.10064346414392
125,BCD,176,1.2902164163996794,240616198.48091078,109.84827395255954,compra,5.042054742260561,141.72804636676162,3,0.06402437212283485,1.9259465597412733
126,NKN,177,0.3400718400716729,238050288.05017105,419.7404930360861,,0.0,142.741921819373,3,0.23907918245983506,2.6377634337784674
127,CFX,178,0.1995788570180312,232914936.27576542,710.1355749018896,venta,-23.55120897599386,141.72804636676162,3,0.1579088755454381,2.251958690637327
128,BICO,179,3.574065835423927,233653152.95703173,39.654570702654944,compra,39.654570702654944,141.72804636676162,3,0.0,0.0
129,OGN,180,0.5980698313031269,232392432.45953023,236.9757492330823,compra,23.379513441403304,141.72804636676162,3,0.1579088755454381,2.4201340385391577
130,ARDR,181,0.2289532627531223,228724193.8689715,616.572602101818,,0.0,141.16630897539386,3,0.2254019876336273,2.73793328728496
131,POLS,182,2.6313318669326136,232113552.0493593,53.861714726229614,compra,5.295841410447672,141.72804636676162,3,0.7894955349338588,3.5668790563650266
132,BTCST,183,20.110333800238685,229575804.90668628,7.0475233168471565,compra,0.28904798379339436,141.72804636676162,3,0.1579088755454381,2.2564444819915757
133,SNT,184,0.0662896669693829,230057214.52916247,2138.011138783082,compra,63.64626606386446,141.72804636676162,3,0.1579088755454381,2.446844421424137
134,CVC,185,0.3325980784237576,222840712.5439176,426.12406854073373,venta,-16.00385532730866,141.72804636676162,3,0.23027818026702795,2.767706108802159
135,BAND,186,6.29074828463674,221382887.5889932,22.529600606161548,compra,3.0385318827768835,141.72804636676162,3,0.1579088755454381,1.8677420014075532
136,UBT,187,1.4735087934281894,221026317.89950922,96.1840519709587,compra,13.081367333111032,141.72804636676162,3,0.1579088755454381,2.574440477104731
137,SUN,188,0.020501350807813994,215569818.1324236,6913.107711553457,compra,487.4850409449409,141.72804636676162,3,0.6403709070227044,2.627033509297169
138,KP3R,189,1060.4210032834212,212085261.07768753,0.1336526209193554,compra,0.02258002740283653,141.72804636676162,3,1.0977609575208347,1.8922291071871191
139,HEX,190,0.20366167466529136,35317189820.47227,695.8994449971266,venta,-344.91203915573203,141.72804636676162,3,0.35754833684637566,3.0384860959118947
140,STETH,191,3517.228949174963,5853521422.960605,0.04029537127516444,compra,0.0019787955803446597,141.72804636676162,3,0.35754833684637566,3.0437578844843007
141,TONCOIN,192,3.3422354608067035,4082210339.009387,42.405165054574944,compra,42.405165054574944,141.72804636676162,3,0.0,0.0
142,WBNB,193,475.12695520574175,2619499392.647432,0.29829510789466757,compra,0.010746668276655769,141.72804636676162,3,0.35754833684637566,3.0768838821228752
143,CVX,194,42.83241858058529,1922202990.7648995,3.3088966503283777,venta,-2.728329984440477,141.72804636676165,3,-0.03852622780295034,0.15703737983545474
144,HBTC,195,46610.25875972843,1859007391.9572113,0.0030407049893749053,venta,-0.000205107024237536,141.72804636676162,3,0.35754833684637566,3.0069472857432324
145,SPELL,196,0.018247579417165368,1457357820.418561,7766.950515827817,compra,7766.950515827817,141.72804636676162,3,0.0,0.0
146,YOUC,197,0.2252146796807707,1535228686.2421439,639.8035561100384,,0.0,144.0931529479403,3,0.48795077393577335,3.678513829483
147,BIT,198,1.8683553963100943,1095377426.6367466,75.85711297040552,venta,-8.304868704670115,141.72804636676162,3,-0.11248574874118522,0.07240454424756182
148,XYM,199,0.19025565088163696,1062094561.6879648,744.934753370003,compra,183.44899361759667,141.72804636676162,3,0.45810747290907017,3.4899083296420104
149,WEMIX,200,8.282759710601175,1020714979.4060858,17.111210673582946,compra,2.2779798682977646,141.72804636676162,3,0.3573747372193641,1.5116246410142453
150,LN,201,164.02026723822456,980152148.9419152,0.8044963013614468,compra,0.08665404075978023,131.95369834146774,3,-0.0792857562894651,0.03581514995672341
151,OMI,202,0.005927203514907054,985609903.8721372,22179.933692097053,venta,-7246.908427784175,131.46498094020305,3,0.2592431124540522,2.5747955440344743
152,DFI,203,3.1591864260120768,949372925.783913,41.61355590089526,compra,12.433339591659415,131.46498094020305,3,0.3575483368463759,3.259834509692797
153,RNDR,204,4.276259695547974,804434915.0248843,30.65059102905255,,0.0,131.06988706226173,3,0.8204150980869684,4.611780440132264
154,NXM,205,118.3754680963004,782678350.6587905,1.1105762287947543,compra,0.04830955873845677,131.46498094020305,3,0.3575483368463759,3.2939431497139555
155,RLY,206,0.3274550093855926,752112708.521748,401.4749421206664,compra,67.7823197882692,131.46498094020305,3,0.6599113755076143,4.135501829086253
156,DESO,207,82.335,731508271.56,1.596708337161633,compra,1.596708337161633,131.46498094020305,3,0.0,0.0
157,CCXX,208,40.202193403778786,718190404.0267549,3.270094733882009,compra,0.47696238745124253,131.46498094020305,3,0.2592431124540522,2.6981722161991364
158,MOB,209,9.489892130737138,704323888.8840992,13.853158616460624,compra,1.9617616089403356,131.46498094020305,3,-0.2504920543106772,-0.2504920543106772
159,ENS,210,33.97016949130778,687721396.5440587,3.870012511237015,compra,0.861731720665746,131.46498094020305,3,-0.11644529743762244,0.0
160,XWC,211,0.8049113664973032,599016044.2815899,162.92465731217771,,0.0,131.1399085532498,3,0.3541915381376475,3.013316173028336
161,ANC,212,3.11187882895175,597805889.5952511,40.83273524233709,compra,3.6406478873660717,127.06652432882078,3,0.3575483368463759,3.038486095911895
162,KOK,213,5.4214527756393505,581903081.2772815,23.437725935708414,venta,-8.005326210271635,127.06652432882078,3,0.3575483368463759,2.767920458482309
163,TTT,214,5.524319986078725,578890169.7252945,23.00129692867686,compra,1.2029423177076204,127.06652432882078,3,0.21711230200019926,2.7396943859977054
164,ILV,215,891.3392381542271,573034837.1741056,0.14255686150645444,compra,0.03692563259541827,127.06652432882078,3,1.7150966736927518,12.308343104053218
165,FXS,216,34.81664359389659,564357066.2479829,3.6495914370992297,venta,-4.349903159267731,127.06652432882076,3,2.2087506143641606,8.534242697090946
166,HERO,217,0.10652467172846643,542811728.7126126,1192.8365726647435,compra,1192.8365726647435,127.06652432882079,3,0.0,0.0
167,UFO,218,1.960238632410551e-05,504909950.7724096,6482196.719721012,compra,610454.8906826936,127.06652432882076,3,-0.11316070746527174,0.0
168,RACA,219,0.0026486322712172246,481655810.9408797,47974.3925608915,compra,17875.187395087858,127.06652432882078,3,-0.27556852833002266,-0.27556852833002266
169,KEEP,220,0.7762677591433701,472744056.8930864,163.6890400665895,venta,-41.715628107936276,127.06652432882076,3,0.47067736491690715,3.4301171479622927
170,C98,221,2.4638260264466165,455807814.8926241,51.57284766249461,venta,-8.379243556557844,127.06652432882078,3,0.1775274770924098,1.302355746752187
171,SUPER,222,1.1198449501101806,450637819.18055534,113.26799937630693,,0.0,126.8425971106404,3,2.203095886632333,9.976765466925125
172,BOBA,223,2.6707886066997246,422794305.1373279,47.57640646289712,compra,47.57640646289712,127.06652432882076,3,0.0,0.0
173,RPL,224,41.28349622000165,424383706.685597,3.1336364079886705,,0.0,129.36746680405983,3,0.4973086435655074,3.573329469415239
174,METIS,225,208.49648902371842,421298039.4584874,0.6094420338865552,venta,-0.554754236098143,127.06652432882078,3,1.9812386206071668,2.920649032979309
175,ALT,226,6.933315436886705,415998926.2132023,18.326949853283754,compra,1.990556405305476,127.06652432882078,3,1.7832467640366048,8.727292658240037
176,XPRT,227,5.554423640698582,404571997.61401165,22.876635371809623,compra,2.2156217251241834,127.06652432882076,3,0.35754833684637566,2.9207344400920894
177,HTR,228,1.8359029006106702,412693508.94888806,69.21200695666153,venta,-32.51492462425773,127.06652432882078,3,1.3530837838670515,6.874270406119239
178,BLOK,229,0.04777028961385379,398342318.268801,2659.9487957044,compra,1016.2971468133958,127.06652432882078,3,-0.25049205431067734,-0.25049205431067734
179,BEST,230,1.072018764172951,387067022.8690376,118.53013079192787,venta,-13.172697786427237,127.06652432882078,3,0.3121285040150843,2.622271206036963
180,SOS,231,4.11485694378123e-06,374680486.4134408,28504557.486692254,compra,28504557.486692254,117.29217630352686,3,0.0,0.0
181,JASMY,232,0.07822251215176858,371942630.69876814,1499.4682870316756,compra,402.1127398396268,117.29217630352686,3,-0.3312940261507903,-0.3312940261507903
182,MBOX,233,4.589872216238423,366515414.41885966,25.554562475304007,compra,9.98505263370198,117.29217630352684,3,-0.2655054472340844,-0.38830237141803614
183,ANY,234,19.16171217070432,357161289.03658223,6.121174102742803,venta,-2.821868385915931,117.29217630352686,3,4.4301933473855035,21.621406811995328
184,SAFEMOON,235,2.31775395486014e-06,1357129228.9445536,50605965.338803455,venta,-46713005.942928806,117.29217630352687,3,0.12348827876941448,2.6935770652873225
185,ALCX,236,366.390173201479,347314008.8746883,0.32012915433468125,venta,-0.09975767123256883,117.29217630352687,3,0.3575483368463759,2.097834704410122
186,MASK,237,11.212181838376944,326618960.26309675,10.461137537215135,venta,-1.379216863976456,117.29217630352686,3,1.5062430834086937,10.559385373572898
187,YGG,238,4.730162116639224,327172874.9517985,24.79665039194531,compra,1.6566189699278766,117.29217630352686,3,0.1775274770924098,1.7567397693413542
188,PLA,239,1.3318860244707982,321776041.1284268,88.0647248702312,compra,9.926980915192743,117.29217630352686,3,0.08694844039299365,0.9477453857171323
189,STARL,240,3.286449268484936e-05,327960426.1761376,3568963.5445855805,compra,158309.7140633501,117.29217630352686,3,-0.18137911458332778,0.0
190,ORC,241,0.5200909779877511,304356239.5195157,225.5224206298177,compra,26.020996306700937,117.29217630352686,3,0.25312154170434686,2.773929971951848
191,EVER,242,0.41155668273174134,302639814.18718874,284.996408088894,venta,-156.20596125770808,117.29217630352683,3,-0.25049205431067745,-0.25049205431067745
192,RGT,243,24.38224428150231,295882888.19343245,4.810557016382247,venta,-0.5455787678298405,117.29217630352684,3,0.9165388284890008,6.474712546042044
193,AKT,244,2.5453000324100303,289811181.05635184,46.08186650297103,venta,-15.73087325003191,117.29217630352686,3,0.25312154170434686,2.4414771977642253
194,DAO,245,4.5886570721567725,289663068.2916016,25.56132970041208,compra,3.547129600485242,117.29217630352686,3,0.6290580042156508,1.7143147594253356
195,BTRST,246,3.2529960080502853,284144380.3631085,36.05666161694034,compra,7.687159278618957,117.29217630352687,3,-0.3081465116713944,-0.3081465116713944
196,THN,247,0.7299888662226843,283590939.849608,160.67666471470085,compra,160.67666471470085,117.29217630352686,3,0.0,0.0
197,JOE,248,1.680724881190396,269106070.974526,69.78666027747093,compra,10.014356893911796,117.29217630352686,3,-0.25049205431067734,-0.25049205431067734
198,LAT,249,0.11525576326184818,263716949.46674508,1017.6686439276115,compra,43.208825526815644,117.29217630352686,3,0.05812886450257304,0.05812886450257304
199,RAD,250,10.063519163957963,262497670.3019643,11.65518487047786,compra,0.30549010761943407,117.29217630352686,3,0.1775274770924098,0.8805910516779949
200,XCH,251,94.44717463949127,259990593.35495526,1.2418812606225216,venta,-0.026265900524571964,117.29217630352686,3,-0.2655054472340843,-0.45732037717443164
201,ACH,252,0.06808272908042136,260831144.28574544,1722.788993446162,compra,44.10166412102035,117.29217630352686,3,0.08694844039299365,0.8456084625317297
202,HEDG,253,0.7307428759690563,254833036.14138615,160.51087210119263,compra,12.004202553793647,117.29217630352687,3,0.2531215417043471,2.563139543482607
203,PUNDIX,254,0.9963918047362981,257558948.92884016,117.71692194374185,venta,-8.523053520699413,117.29217630352687,3,0.2531215417043471,2.775945233361452
204,RMRK,255,27.154202573013816,257964924.44363126,4.31948520631916,compra,1.4970989084443307,117.29217630352686,3,0.6352900633221581,0.6352900633221581
205,DAR,256,1.9867331965379549,244765529.81347606,59.88780438108853,,0.0,118.98108903167976,3,-0.23969974446342313,-0.23969974446342313
206,GTN,257,0.9879879016179316,244526440.43204385,118.71823137859167,compra,33.10941524887234,117.29217630352686,3,1.172077338954201,3.51399457001337
207,YOOSHI,258,6.5457827489987e-07,245619395.81229448,179187395.6120357,compra,89074160.73022057,117.29217630352686,3,-0.18137911458332778,0.0
208,PYR,259,12.333452322966325,245407334.28668705,9.51008470557065,compra,4.070717712181086,117.29217630352686,3,4.4301933473855035,23.39999186390022
209,QRDO,260,7.367255185989574,244297674.06884176,15.920742982621702,venta,-2.9111262774539823,117.29217630352686,3,0.06420715104167396,0.0
210,LYXe,261,15.520447375526548,236002614.55600193,6.927495430819391,venta,-1.418869016662265,107.51782827823297,3,0.3575483368463759,3.9573334780140907
211,SAPP,262,0.43490579141624064,233793574.26946115,247.2209623332644,venta,-33.09893148251789,107.51782827823297,3,0.2444193087758446,2.7977927740365747
212,VERI,263,116.19386857919389,249775735.94109198,0.925331341429194,compra,0.925331341429194,107.51782827823297,3,0.9910708940413513,0.8365165132628108
213,HUM,264,0.3220487766645121,229108598.8134572,333.8557264269242,venta,-24.155341979920873,107.51782827823297,3,0.9910708940413511,3.137441464757587
214,WILD,265,2.7407353255345717,229353776.93323222,39.229555395781226,compra,7.854061051244898,107.51782827823297,3,-0.12472732462061698,0.22591326645693177
215,TWT,266,0.6474018491636563,224616839.38592365,169.03136485055518,,0.0,109.43121817090608,3,0.5198780301514734,4.940318610191319
216,KNC,267,1.257043327083484,223514056.31990317,85.53231695496872,venta,-2.9885919997440977,107.51782827823297,3,-0.0036305963064222624,0.7550294258323145
217,ORN,268,5.441325481736295,223910543.57344854,19.75949217504347,compra,1.3683228081606593,107.51782827823297,3,0.14869474656231807,1.980497001951479
218,MNGO,269,0.2208595409366147,220859540.9366147,486.8154113798956,venta,-27.24533268619809,107.51782827823297,3,-0.32671332663124386,-0.5262804828587322
219,SURE,270,0.007967108768573634,213439347.22933748,13495.212805721752,compra,661.6224630139459,107.51782827823297,3,0.49330317053101336,0.8146179521782037
220,KAI,271,0.06711286494785389,210821642.6606934,1602.0449784370462,compra,36.39790724233467,107.51782827823297,3,0.49330317053101336,3.8440053878586573
221,ASD,272,0.31941184673019696,211008344.64651507,336.6118989601907,venta,-129.4891411844726,107.51782827823297,3,-0.12158637027587438,1.9096976538973947
222,MX,273,2.095676979842974,209567697.98366868,51.30458048276559,venta,-8.483339957655481,107.51782827823297,3,0.9910708940413513,5.953772432105916
223,ATLAS,274,0.09734282257894697,210260496.77052546,1104.527539162262,compra,92.388665206714,107.51782827823297,3,-0.15913782495695283,-0.12478560502514346
224,HDAO,275,0.060926310357131044,207149455.20864883,1764.7191771173564,compra,767.1497884644544,107.51782827823297,3,-0.18706398184316564,0.0
225,SFUND,276,8.929245344317003,205771432.67909494,12.041087923142625,compra,2.6552196583473204,107.51782827823297,3,2.3634487001721887,5.500857579899426
226,BAKE,277,1.0632440086278725,205769066.61744934,101.12243982167918,venta,-27.059069316470058,107.51782827823297,3,-0.19280909701026305,1.4805869987136946
227,STMX,278,0.020344921867393166,203449218.67393166,5289.197659756365,,0.0,107.60831312894203,3,-0.12084711495962375,1.7584027109959453
228,ONG,279,0.7491232998982862,201563162.81810486,143.5248754014612,venta,-46.2044997765415,107.51782827823298,3,-0.12158637027587427,1.972463444816014
229,KILT,280,4.031268555884975,199225856.4094333,26.670966418566927,compra,26.670966418566927,107.51782827823297,3,0.0,0.0
230,COVAL,281,0.11001420417430503,196568114.28855538,977.3086037861362,compra,977.3086037861362,107.51782827823297,3,0.0,0.0
231,BFC,282,0.19037623836193193,200926647.43452024,564.764958081725,compra,51.14871781460715,107.51782827823298,3,3.9776772351033793,25.12877900590366
232,PROM,283,11.989563454280617,197228318.82291615,9.0029419672319,,0.0,107.94134399133283,3,-0.11812627458061409,1.4866320063360488
233,DIVI,284,0.07321343617298459,196082896.00457436,1468.5532314614477,venta,-180.49564100190813,107.51782827823297,3,0.029864255538630147,-0.043873481377232015
234,SOLO,285,1.0085989266139241,201721608.86964414,106.6011726179331,compra,74.39002437453185,107.51782827823297,3,0.14869474656231807,1.8606394425776638
235,XAUT,286,1812.999268122366,191360422.92098173,0.05930384538410977,venta,-0.0024768232225799735,107.51782827823297,3,-0.024476778211798833,0.0
236,MC,287,4.486787760504981,191101264.29542816,23.963207982481435,compra,2.734932386096954,107.51782827823297,3,-0.18706398184316564,0.0
237,STRAX,288,1.4186037241442704,188019878.38596463,75.79130552691157,compra,2.55503965852769,107.51782827823298,3,-0.12158637027587438,1.4447174817685333
238,GTC,289,13.370234670274105,189833288.96799064,8.041581238456208,venta,-0.23822131726270263,107.51782827823297,3,0.2444193087758446,0.8366540745424467
239,BIOT,290,0.10643806608726696,186809818.0654709,1010.1445115517294,venta,-106.56459896151785,107.51782827823297,3,0.5008049565972326,0.0
240,REP,291,16.83656321625775,185202195.37883526,5.805429469035333,venta,-0.6497792729385381,97.74348025293907,3,-0.15153228947101505,1.8576162253914563
241,ORBS,292,0.08249488108623024,183959502.8271986,1184.8429740842923,venta,-72.70200162881697,97.74348025293907,3,-0.15153228947101505,1.6468175238094926
242,HXRO,293,0.4651253843507451,182413493.65290844,210.14436868324512,venta,-22.369875907786245,97.74348025293907,3,-0.06375976769215452,-0.049144573735276365
243,ARRR,294,0.9657614858108332,182866605.4999789,101.20871632282548,compra,7.805507336685935,97.74348025293907,3,0.009329618473141954,2.3299747963305064
244,XVS,295,15.21317705718043,180607734.53472638,6.424922281884925,venta,-0.4213879390949773,97.74348025293907,3,-0.20144215479624938,1.4854488901129872
245,BADGER,296,14.024630037766137,175695076.4759265,6.969415948209054,compra,0.8922794516547894,97.74348025293907,3,0.23413485167852355,4.676605133755986
246,NMR,297,29.78352769485353,175380411.36382875,3.322700061261097,,0.0,98.9617292962614,3,-0.14095721096995317,2.2753687873185116
247,UTK,298,0.38148012150655647,175480855.89301598,256.2216869044883,venta,-25.54111456531604,97.74348025293907,3,0.13129028070531334,2.0723497876646126
248,BLCT,299,4.5444952083707655,172690817.9180891,21.508105030653297,venta,-2.688251864220418,97.74348025293907,3,0.5971156904075015,3.511480199678619
249,TLM,300,0.19127777474267602,174833695.26923722,511.0028093145288,compra,49.851458015619585,97.74348025293907,3,0.3575483368463759,4.378376054684676
250,VXV,301,4.4362849367997645,172396578.6961314,22.032732713388107,compra,1.3640141994732353,97.74348025293907,3,-0.19378246133206511,0.0
251,WNCG,302,1.4418282582176145,172722828.68500507,67.79134733686617,compra,7.594706917740993,97.74348025293907,3,-0.08269580904394846,0.0550916328810418
252,RBN,303,3.443911418324069,176226732.955412,28.38153145660888,compra,28.38153145660888,97.74348025293907,3,1.4983598189644094,0.0
253,SAFE,304,8.18099592506036,170455135.2789478,11.947626077349245,compra,0.24304125346922056,97.74348025293907,3,2.9250915903080332,5.687134927637021
254,ARK,305,1.252851526646468,168189022.4799723,78.01681059093326,venta,-1.6988143600736711,97.74348025293907,3,-0.06375976769215452,1.891125145964979
255,MAID,306,0.37058989262855757,167711349.77187476,263.7510687613583,venta,-16.822840666476804,97.74348025293907,3,-0.20144215479624938,1.0224985258182402
256,DG,307,487.9709554182916,169177332.78639898,0.20030593863758298,venta,-0.011211207027845007,97.74348025293907,3,3.5251611228212534,16.347884509090978
257,DAWN,308,2.381151187805452,167867358.57924432,41.04883417462572,venta,-1.5582245130798373,97.74348025293907,3,0.044267951420289275,1.9794555060127135
258,DVF,309,6.865145262036499,165773676.59204388,14.23764196126334,compra,2.486529328775438,97.74348025293907,3,0.8737698642233067,0.8737698642233067
259,C20,310,4.134926852995822,165345758.03858933,23.48965619777248,,0.0,97.12801017980915,3,0.12416678448853191,2.0130614816619126
260,SOV,311,8.153194598470819,164366931.7315706,11.98836591871258,compra,1.5823382068652148,97.74348025293907,3,-0.193782461332065,0.0
261,EXRD,312,0.22367762554472506,164366065.87746948,436.9837171460627,compra,69.63933773710886,97.74348025293907,3,0.3575483368463759,1.7821469589008436
262,MIR,313,2.093324365475258,162740646.140032,46.692945376741875,venta,-2.797793168428557,97.74348025293907,3,0.044267951420289275,1.9794555060127133
263,STEEM,314,0.41158279343285226,162555323.54547104,237.48193999486386,compra,6.720776266369853,97.74348025293907,3,-0.15153228947101505,1.0762731214016092
264,GXC,315,2.1501558520039277,161261688.90029457,45.45878856262579,compra,4.180935990061144,97.74348025293907,3,3.5251611228212534,8.996970964563111
265,AGIX,316,0.1858444689758925,162381544.32433882,525.9423688612343,compra,46.16122152220157,97.74348025293907,3,-0.15153228947101494,1.7681980186179092
266,VOXEL,317,2.9312981910068334,162226840.6215332,33.3447755512606,compra,33.3447755512606,97.74348025293908,3,0.0,0.0
267,META,318,0.09678918167214762,163319125.08539942,1009.8595583132826,compra,245.70086939080682,97.74348025293907,3,-0.15153228947101505,-0.37000032230776203
268,MXC,319,0.06060074042657439,160115178.10882202,1612.9090101030679,compra,71.75682626306207,97.74348025293907,3,0.3575483368463759,0.9600906067116195
269,TRU,320,0.2818215969824504,154707711.32848862,350.04451122768995,,0.0,98.65010316912887,3,0.3981760853426797,1.7823336224663329
270,MLN,321,86.81525608455821,155633076.1289105,0.9569972141080391,venta,-0.17517453286395057,83.0819582149982,3,-0.27880244605036286,0.5901794116194128
271,XPR,322,0.017687153170500305,152919807.85221925,4697.305293514802,venta,-208.57671336626308,83.0819582149982,3,0.19955163432714418,0.3930349650176934
272,MVL,323,0.01158908616937788,154411853.00104442,7168.982696368903,venta,-1080.5682934930448,83.0819582149982,3,-0.11237224129275425,2.430997666115586
273,API3,324,4.145334287934735,152995210.2855805,20.04228186296426,venta,-1.4360365758674796,83.0819582149982,3,1.884790215798548,11.523049192977906
274,BSW,325,0.940911117806706,152124994.75101918,88.2994755218377,compra,3.760565846115256,83.0819582149982,3,0.005084531539358839,0.0
275,SSX,326,0.05772448743651155,151533109.81903306,1467.423170846722,,0.0,84.70625038958755,3,-0.2358388140990625,-0.2358388140990625
276,GHST,327,2.248054669309255,151705628.0209891,36.95726769871048,venta,-6.3716451159007885,83.0819582149982,3,1.8847902157985486,13.704864249224059
277,ERG,328,4.701432062660779,150504255.4028197,17.67162794392862,venta,-1.1884860727474882,83.0819582149982,3,-0.32122583157681206,1.3952170466238814
278,DPI,329,270.3652063548146,151129669.26303738,0.3072953037676207,venta,-0.017169810503328605,83.0819582149982,3,-0.36291824616407575,-0.36291824616407575
279,TLOS,330,0.5555807245844314,150075378.65825814,149.54074995518002,compra,14.031087623465567,83.0819582149982,3,1.0980292478534897,10.691585261399261
280,NOIA,331,0.29138033448864087,148923876.37952098,288.87469992982267,,0.0,84.17240669085749,3,0.16906120403968727,4.127947716888834
281,TOMO,332,1.7149699354444168,149732695.96195206,49.05068885654659,,0.0,84.12045670181588,3,-0.26978770224118154,1.1323505693297489
282,TITAN,333,2.8007937357290387,149574036.7898713,29.663718950503934,venta,-1.789184602177143,83.0819582149982,3,-0.14206982429782944,1.315127615924415
283,CENNZ,334,0.12417564696707603,149010776.36049125,669.0680519427982,compra,55.98023440157863,83.0819582149982,3,-0.03840326140048378,0.7008335822089569
284,ETN,335,0.008299895137727293,148653698.68180552,10010.000950174413,venta,-650.099178394856,83.0819582149982,3,-0.03840326140048378,2.51073362313679
285,EFI,336,0.8742866084048633,148504121.21295026,95.02828639521461,venta,-5.141184981510079,83.0819582149982,3,0.8198151918700878,2.3323210329190767
286,RIF,337,0.18259602565535446,147473072.73534793,455.0041980202426,compra,15.99746284328694,83.0819582149982,3,-0.20419580253833136,0.5141314642868442
287,SNL,338,0.21302321289237963,144570962.683879,390.01363788917973,compra,18.655129921335345,83.0819582149982,3,0.04901462392674483,1.3192924606732244
288,ALBT,339,0.6301901412471856,146806437.79311872,131.83633442848506,venta,-4.50639224157407,83.08195821499821,3,0.04901462392674505,2.1989756817896824
289,BETA,340,0.573544577653068,146731820.9250617,143.9843637465573,,0.0,82.58145109366492,3,-0.47229682565456044,-0.47229682565456044
290,HNS,341,0.32207640914480157,146324642.96326914,257.9572916737456,venta,-11.49968247451721,83.08195821499821,3,0.04901462392674505,0.7182267208132372
291,RKN,342,0.5947186365367537,144431668.95817143,139.69960433527413,compra,2.8760715100444543,83.0819582149982,3,0.04901462392674483,1.7855693456278796
292,FIDA,343,3.247924688690634,145279553.08443376,25.580013755950663,compra,8.069577327236122,83.0819582149982,3,0.15391608631941933,4.469583851136244
293,TIME,344,202.43801813472268,143753665.9336842,0.4104068938261739,compra,0.4104068938261739,83.0819582149982,3,0.0,0.0
294,IDEX,345,0.23427888941518882,144159891.39334077,354.6284448521541,venta,-21.923939875111856,83.0819582149982,3,0.22972194061566187,1.3087381008552137
295,LINA,346,0.04316209144270651,139726000.6363444,1924.8825865002727,venta,-524.0588037711619,83.0819582149982,3,-0.03840326140048378,2.054501917144053
296,EPS,347,0.26037590494249463,139748074.41748044,319.0846642793129,compra,45.04079917621914,83.08195821499818,3,0.7752555174144911,8.33303875044089
297,MTL,348,2.0906841420739655,139216332.17993936,39.73912488405858,compra,1.7880880616178132,83.0819582149982,3,-0.20419580253833136,1.101777382625524
298,UQC,349,13.739837143863614,137398371.43863615,6.046793520555202,compra,0.4793072736882644,83.0819582149982,3,-0.27880244605036286,-0.18939603097200963
299,CLV,350,0.6423738766814011,135587004.0003826,129.33582953935166,compra,45.708067630977,83.0819582149982,3,-0.165918037059543,-0.2641289386472726
300,SFP,351,1.2488303244915875,135081813.8487835,58.70101706534763,venta,-4.449551563328272,73.30761018970429,3,0.018161252634781855,2.474886522093831
301,CYCLUB,352,0.10280251480891865,135096960.15044007,713.0916040912306,compra,367.7867672755121,73.30761018970429,3,0.20932630800190233,0.0
302,VRA,353,0.02985061487559717,133437781.18027745,2432.422966352737,,0.0,72.60932118315321,3,0.5514812218622482,8.31574119701059
303,ERN,354,10.235313851401763,132420234.27194555,7.1622239683118805,venta,-0.2263163373065053,73.30761018970429,3,0.19783676780562565,3.620634299809603
304,STPT,355,0.09997947665139097,131862253.99735346,733.2265845450833,venta,-53.29222407087086,73.30761018970429,3,0.3575483368463759,3.361944132272167
305,FUN,356,0.011951105769267138,131332166.40124078,6133.9604556273325,venta,-187.23673645408718,73.30761018970429,3,-0.36364921710326137,0.8878715186966221
306,LCX,357,0.17960580188183173,133466731.17426881,408.15836360306264,venta,-71.19343295028457,73.3076101897043,3,1.9438186927310253,9.466442387040669
307,PRE,358,0.33012177187244784,130919175.64860238,222.06233104197932,compra,31.89130084298077,73.30761018970429,3,0.4919420603057665,0.4508092195370572
308,ZLW,359,1.8023848477450863,130369801.91599613,40.67256240054249,compra,40.67256240054249,73.30761018970429,3,-0.2430027861451437,0.8792826224383506
309,QKC,360,0.020368459553525176,130356236.63048749,3599.074834160295,venta,-354.25836791573664,73.30761018970429,3,-0.15153228947101505,1.173881340626615
310,HYN,361,0.6364223052546081,129692100.72759575,115.18705360330942,compra,115.18705360330942,73.30761018970429,3,0.0,0.0
311,ABBC,362,0.13787377816052865,128813027.99392344,531.700887346041,venta,-16.955518972897586,73.30761018970429,3,-0.36364921710326137,-0.9392885952099087
312,TKO,363,1.1801578092777376,128047122.30663453,62.11678608860701,venta,-7.8865696256583435,73.30761018970429,3,-0.15153228947101505,1.943390818269414
313,AURY,364,13.315506477761966,127828862.18651487,5.505431604282891,venta,-0.33038112670170333,73.30761018970429,3,-0.11316070746527163,0.0
314,STAKE,365,16.160760992296467,127364591.3808737,4.536148404437679,venta,-0.2439403961354856,73.30761018970429,3,0.851202277517785,3.028120720706115
315,BZZ,366,2.4769480193511724,126059762.81261447,29.595942109801303,venta,-0.9717663367345325,73.30761018970429,3,0.20932630800190233,0.0
316,AIOZ,367,0.37817311214010735,126731347.75607245,193.84670098530154,compra,73.28646138970369,73.30761018970429,3,0.023276106770840466,0.0
317,TVK,368,0.19109542537841168,126505958.49325114,383.6178183990476,compra,22.46891548350618,73.30761018970429,3,-0.32065722475437897,-0.7138191458633127
318,DG,369,0.500723613937313,125386135.83105344,146.40334138282097,compra,18.604700653077586,73.30761018970429,3,0.20932630800190233,0.0
319,CFG,370,0.791459800795728,123233710.09023428,92.62328941533272,compra,17.77904987893315,73.30761018970429,3,0.03899483272859694,2.2121787049865222
320,AMPL,371,0.7341928504329814,123057605.362204,99.84789438697479,venta,-69.96060752832315,73.3076101897043,3,-0.2978198257691158,0.7429686831451106
321,WAN,372,0.635676422918324,122496048.88028109,116.13453459449293,,0.0,73.82398552831162,3,-0.2928737018360955,0.3461257700143592
322,BAL,373,17.60948428566695,122277282.87682703,4.1629617881184755,venta,-0.366539435765753,73.30761018970429,3,-0.36364921710326137,-0.09916425492024483
323,DEP,374,0.033317903066829004,120465750.12339774,2182.681795582825,,0.0,72.72238049096084,3,1.9203175838796511,1.9203175838796511
324,DERO,375,10.89191762336195,120947872.40741411,6.644718860806573,,0.0,72.37373046230465,3,0.005190700865342457,3.353058459690923
325,XNC,376,1.5726051429254309,119950391.31163868,46.61539517372694,compra,8.390169603461587,73.30761018970429,3,-0.07439886124110728,-0.24430225835358343
326,ZB,377,0.25473101003824866,118014026.51071827,286.9746479170963,,0.0,73.10134191929274,3,-0.2997955754857017,-0.6978006752519639
327,RBTC,378,46369.387346497824,116902271.21276307,0.0015809484313844629,venta,-9.167500405709611e-05,73.30761018970429,3,0.19783676780562587,2.2972483416211613
328,IQ,379,0.011603963229216025,116288560.42378989,6317.463158202116,compra,167.65928771910148,73.30761018970429,3,-0.15153228947101505,1.2418275794103377
329,STRK,380,37.277705038697896,114872225.80934,1.9478362628916521,,0.0,72.61086567175462,3,-0.30449362383376777,0.23658672055361296
330,SAMO,381,0.03616185056789126,115824477.9172568,1756.9140175813538,compra,35.18461497506928,63.53326216441039,3,-0.6252460271553386,-0.6252460271553386
331,PEAK,382,0.10362398228212374,114860089.1171146,613.1134971384955,venta,-53.41744507182157,63.53326216441039,3,0.038125198764875634,4.584307274205386
332,DKA,383,0.11214278886811987,114128766.56044613,566.5389884241742,venta,-123.01909457494901,63.53326216441038,3,-0.2646613175415464,0.9094468336197712
333,SWAP,384,1.1467045329182362,111866949.3476569,55.405085042024965,compra,2.1511288198274414,63.53326216441039,3,0.038125198764875634,1.0755943157436567
334,DERC,385,2.869806918889053,111491998.7988397,22.138514527313603,venta,-1.3343054979359403,63.53326216441039,3,-0.35042644706925374,-0.35042644706925374
335,DPR,386,0.10751904056110038,111470969.66624781,590.9024283778465,venta,-73.05078892763586,63.533262164410395,3,0.3916233820183026,3.353043076321897
336,SLIM,387,1.9332509133866365,111161927.5197316,32.86343315525137,compra,2.1845764943638777,63.53326216441039,3,-0.391521669522354,-0.6824505301494512
337,RFOX,388,0.08472756866779141,111162634.48509452,749.8534793736163,venta,-34.59395505851093,63.53326216441039,3,0.038125198764875634,1.4009479679457737
338,KIN,389,6.609803946548919e-05,110695692.21009189,961197.3770807845,venta,-40051.11900724135,63.53326216441039,3,0.038125198764875634,3.3019310308910717
339,BSCPAD,390,1.4093978862928385,111640691.20722942,44.941956293001105,,0.0,63.34109820522089,3,-0.3124770297742837,-0.09242758264548778
340,CHESS,391,2.032479089008264,111198008.22178897,31.258999173964966,compra,1.7267864767723928,63.53326216441039,3,0.2930164522649976,1.451003578734084
341,KLV,392,0.03229554701228766,109727860.02406733,1967.2452719329247,venta,-197.95717052073752,63.53326216441039,3,-0.32122583157681206,0.17789930568600187
342,AGLD,393,1.5703711907905646,110192948.0281451,40.45748071347777,venta,-3.5761985544913575,63.53326216441039,3,-0.6021487839184623,-1.3368909123494692
343,DDX,394,4.156112108187809,108452348.10900159,15.286705582182385,venta,-0.5830722916506211,63.53326216441039,3,0.038125198764875634,3.417910096692565
344,DFA,395,1.9167329373470148,107694545.23195565,33.14664287678384,compra,0.9021947309124982,63.53326216441039,3,0.4906193103035834,1.1714416676927732
345,PHA,396,0.3959940201015171,107710373.46761264,160.4399534824364,venta,-13.786519639302236,63.53326216441039,3,-0.44849598815615976,-0.0781505487602212
346,ALEPH,397,0.5812505984279865,107105205.75714163,109.30442452229454,compra,109.30442452229454,63.53326216441039,3,0.9874924137381116,0.0
347,ATA,398,0.6174951679100134,106364777.66283561,102.8886790797835,compra,2.377508623537622,63.53326216441039,3,-0.11759358104985573,2.228567407168026
348,BABY,399,0.7648023416589323,104603561.16942233,83.07147965394617,compra,37.85921584681293,63.53326216441039,3,0.7240219363533302,0.7240219363533302
349,LTO,400,0.3503169212724604,104115744.49999143,181.35938719042676,venta,-5.599980965332553,63.533262164410395,3,0.3575483368463761,1.7773771174289346
350,BTS,401,0.034595192649058894,103600147.71457772,1836.4766113287913,venta,-142.4289633180158,63.53326216441039,3,-0.3914438489999005,-0.4885694152106794
351,VVS,402,4.511210581669418e-05,103311268.79950078,1408341.7524902879,compra,825198.0342295959,63.53326216441039,3,-0.11316070746527163,0.0
352,ARPA,403,0.09190993710006945,103322211.82428974,691.255637518681,venta,-53.30273152407859,63.53326216441038,3,1.2060160473753605,10.42340084852457
353,GAFI,404,102.8331171721697,102637631.41642539,0.6178288076013391,compra,0.06682952633662254,63.53326216441039,3,0.08408677112987895,0.9647271710058958
354,IRIS,405,0.08633474131410432,102884816.8579593,748.6949265206985,,0.0,64.63838280434685,3,-0.18385880297541868,0.5410799175124528
355,QUACK,406,2.33828465438e-09,103085526.72094129,27170884453.86746,compra,27170884453.86746,63.53326216441039,3,0.0,0.0
356,POLIS,407,4.726134525327038,102084505.74706402,13.442965244416953,compra,1.4924880676254482,63.53326216441039,3,-0.503126896565472,-0.7704607407804405
357,FARM,408,152.76855746642966,101584075.38640374,0.4158791783994661,compra,0.4158791783994661,63.53326216441039,3,1.2060160473753605,9.6059514011529
358,DAD,409,0.20970868219205108,101271801.48787035,302.95961760050864,compra,13.391106081928626,63.53326216441039,3,0.3575483368463759,1.4092523232496525
359,YFII,410,2608.118697874139,100662949.26315026,0.02435980471908581,compra,0.001658500356348104,63.53326216441039,3,-0.19781234640895973,1.663357579063872
360,RARE,411,0.9862758259183553,100359707.81303647,54.50697738541824,venta,-4.785622579990149,53.758914139116484,3,-0.5623636623103085,-1.07677339193034
361,WNXM,412,59.19550957586001,99268738.52037251,0.9081586512947162,venta,-0.06529421241272283,53.758914139116484,3,-0.32122583157681206,-0.26144264418477736
362,PRO,413,1.351145527790697,99784010.44941032,39.78765649842284,compra,4.8478954774973815,53.758914139116484,3,0.26129326256457075,0.2956454824963801
363,CRTS,414,0.005374793567334074,97773887.3446671,10002.042583708231,compra,10002.042583708231,53.758914139116484,3,0.0,0.0
364,BOSON,415,1.4810304819938136,97874595.75347319,36.29831714654813,venta,-3.531932484970077,53.758914139116484,3,0.6817243500860943,1.919506352756419
365,ROOK,416,156.85678541399022,96880452.13692781,0.34272609882467775,compra,0.0266125242830223,53.758914139116484,3,-0.23807045599902887,-0.06052576266924459
366,aEth,417,3306.3217318710876,96974416.395779,0.016259432232777198,venta,-0.0018176245929655073,53.75891413911649,3,-0.12158637027587427,1.4270727420125984
367,HOO,418,1.1651595950000915,96044599.56004177,46.13867007558931,compra,46.13867007558931,53.75891413911648,3,0.0,0.0
368,WHALE,419,13.135720245378433,95933788.30250332,4.128177543913526,,0.0,54.226585340101515,3,0.004196024816694788,2.2764648036729875
369,FOX,420,0.5569345891787333,96308752.61338171,96.52644167493787,compra,42.11894423007123,53.758914139116484,3,0.21940402723525132,0.0
370,CTK,421,1.539385687451766,96019435.88324778,34.92231646515223,compra,6.066423061865528,53.75891413911649,3,-0.004464552979324243,2.505829838490046
371,LGCY,422,0.0072783860445754,92536860.3121528,7386.103706217004,compra,1317.8067506641173,53.758914139116484,3,-0.13647985013223274,0.8070528430029323
372,QUICK,423,287.808968241384,94142313.5117567,0.1867867928772433,compra,0.025847534569660213,53.758914139116484,3,-0.2533484147344933,0.7081271154283333
373,CBG,424,2.8048320104024844,92559456.34328198,19.166536156082394,compra,19.166536156082394,53.758914139116484,3,0.0,0.0
374,MLK,425,1.1777184987238527,92051434.75067963,45.646658515908804,compra,1.4011752089986018,53.758914139116484,3,-0.2533484147344933,0.10618026157438798
375,DODO,426,0.8305560337159308,91819601.5699024,65.3665085912469,,0.0,54.29054811340434,3,-0.3145132813964099,2.1578206203241455
376,GF,427,2.177965933398405,91877648.90069228,24.68308310738055,compra,24.68308310738055,53.758914139116484,3,0.0,0.0
377,MWC,428,8.070286490085179,87213355.93069002,6.661339000190695,compra,2.192068017136922,53.758914139116484,3,-0.004464552979324354,-0.39299293818188474
378,erowan,429,0.16744151301763394,87830264.69974124,321.0608478762069,compra,129.94241898664615,53.758914139116484,3,0.37409790043042523,0.37409790043042523
379,AQT,430,3.635644154844141,90955113.02209371,14.786627032100482,compra,6.284274893284733,53.758914139116484,3,0.3575483368463759,2.0583174472850563
380,KMD,431,0.7023940997499558,91042781.46885511,76.5366824098523,venta,-10.320870253484062,53.758914139116484,3,-0.2533484147344933,1.2578808436155877
381,BNANA,432,2.9674946743278845,94150852.97880547,18.11592607197938,venta,-1.6088390832041601,53.758914139116484,3,-0.2533484147344933,0.28643676770274085
382,TROY,433,0.01004061372694205,89418297.29471973,5382.254075957035,,0.0,54.041134156944004,3,-0.24942869226466657,0.23073824336447624
383,LIT,434,2.874023632033295,89135109.63607763,18.910245497756808,,0.0,54.34849244810428,3,0.00645356385378304,3.221783413140848
384,MNW,435,1.8755088676467533,88486534.36787611,28.663641674256173,venta,-0.6600682367695678,53.758914139116484,3,0.8666289631637669,11.980615996495896
385,MOC,436,0.24102278005159,88502284.72382292,223.0449508864249,compra,39.49632116477338,53.758914139116484,3,0.8666289631637667,1.658889738385117
386,CUDOS,437,0.03426525282956779,87735582.01075603,1568.90463953406,compra,661.8715030482191,53.758914139116484,3,0.6191002810020636,0.6149352820597368
387,FORTH,438,8.781451363673245,87709079.59406978,6.121871193354688,compra,0.6343420485320426,53.758914139116484,3,-0.3777903456120777,-0.03482008239379153
388,BOND,439,16.525921885868122,87540903.11362603,3.2530054607778074,venta,-0.1555681923219363,53.758914139116484,3,-0.3777903456120777,-0.3371613618346566
389,AERGO,440,0.2417335101198369,87425872.74281822,222.389167775978,compra,110.44847629099661,53.758914139116484,3,0.14869474656231785,1.096573951411128
390,BNX,441,43.305271828253495,87602129.14117609,0.9028321599327188,venta,-0.23598844789141019,39.09739210117562,3,-0.3328696793046899,0.26567466058992406
391,STRONG,442,630.7461677747793,87212641.87205097,0.0619859368137075,compra,0.0619859368137075,39.09739210117562,3,0.35754833684637566,4.997534660098383
392,GODS,443,3.710994882696413,87804788.57494338,10.535555379900554,venta,-4.147274187608862,39.09739210117562,3,-0.538764341114263,-0.538764341114263
393,HUNT,444,0.7869611254752266,86846982.833419,49.68147832914321,venta,-1.4352151366528727,39.09739210117562,3,0.5700366361232132,4.216478878762485
394,DFL,445,0.14656287821643232,85934945.19903184,266.76190162859467,venta,-120.7987991753353,39.09739210117562,3,-0.5270190439814781,0.0
395,SSV,446,8.532432525829217,85324325.25829217,4.582209350360609,venta,-1.5608189151576326,39.09739210117562,3,-0.6002624289656946,-0.6002624289656946
396,BIFI,447,1184.247215382162,85265799.50751567,0.033014552699250986,venta,-0.0017368470006105736,39.09739210117562,3,-0.45698066526144965,-1.0608944962061753
397,AVA,448,1.6760569447440565,84934750.89158854,23.32700701117647,venta,-7.953983004748901,39.09739210117562,3,-0.5474838877178747,0.2634900532197426
398,MFT,449,0.008428483097035333,84284830.97035334,4638.7222529909195,venta,-1548.5928349719252,39.09739210117562,3,-0.5063460593285907,0.07198323361498793
399,TT,450,0.0103085684233479,84327566.78311503,3792.7082108339937,venta,-1187.2301906105474,39.09739210117562,3,-0.3611537238369996,0.9188639680423653
400,KIMCHI,451,0.029263562440986084,83093398.31286535,1336.043490262704,compra,1336.043490262704,39.09739210117562,3,0.0,0.0
401,COS,452,0.023013262211957843,83371909.30262735,1698.906992893009,venta,-599.8486216951673,39.097392101175615,3,-0.01269211865718145,1.4371091311349264
402,LOOM,453,0.08306462664200728,83064626.64200728,470.6864243148643,venta,-194.5621291350166,39.09739210117562,3,-0.3611537238369996,1.211767909442651
403,HAI,454,0.14960519581062148,83105259.74838698,261.33712729247225,compra,261.33712729247225,39.09739210117562,3,0.35754833684637566,0.22220862923195916
404,DATA,455,0.10799660445995513,82846556.87245715,362.0242719360018,venta,-153.58283087414566,39.09739210117562,3,-0.5063460593285907,-0.5969730812527106
405,COCOS,456,1.948864311644283,81883225.66795705,20.26061029484989,,0.0,39.485180335765705,3,-0.1043645749066805,0.0
406,BZRX,457,0.21576391860664096,82274843.12528607,181.20449588447661,compra,4.048098519358319,39.09739210117562,3,-0.27597422034859953,1.4792588541310066
407,FUSE,458,1.4856819743506195,81780141.65197307,26.31612469974592,compra,26.31612469974592,39.09739210117562,3,0.0,0.0
408,CTXC,459,0.4348250949406567,82084187.16935709,89.915215464994,venta,-3.9709966120386655,39.09739210117562,3,-0.11316070746527174,0.0
409,TPT,460,0.023461576119231404,81328554.15417299,1666.443545927316,venta,-62.170182281575016,39.09739210117562,3,-0.44586942254474826,-0.6717976065857417
410,EUM,461,2.919123224292539,81438042.72485709,13.393539462744341,venta,-0.6937638740528472,39.09739210117562,3,-0.5063460593285907,-0.6850990129820185
411,LDO,462,3.2713298836854743,80276056.07486609,11.951528427676811,venta,-2.8907896578463674,39.09739210117562,3,-0.01269211865718134,4.156386804377064
412,CRE,463,0.009277497946774547,81289608.8773796,4214.217273394103,venta,-186.8942236619434,39.09739210117562,3,-0.45698066526144965,-0.2834610381499769
413,VEGA,464,9.088518946884395,81085497.3484061,4.301844154110332,compra,4.301844154110332,39.09739210117562,3,0.0,0.0
414,ALPACA,465,0.5672138107527,80319671.98370919,68.92884369175158,compra,10.330336348171343,39.09739210117562,3,-0.5718081901482146,-1.2986050106559555
415,MSOL,466,159.13867804337386,79251061.66560018,0.24568126731905793,venta,-0.058625882467906135,39.09739210117563,3,-0.5387643411142629,-0.5387643411142629
416,PNK,467,0.12555524847408087,77762429.35374239,311.3959199343764,compra,311.3959199343764,39.09739210117562,3,-0.45698066526144965,-0.519192891386565
417,KAR,468,3.5197219607230514,78429197.15140432,11.108091075791652,compra,3.0628826529393613,39.09739210117562,3,0.06093657621743387,1.6122533620459472
418,TRB,469,33.577294398555125,77179357.76446752,1.1643997171748905,venta,-0.03544861685646695,39.09739210117562,3,-0.3611537238369995,0.912992486000022
419,AKRO,470,0.02228709231083305,77601654.35644814,1754.2616845613195,compra,352.3003557495174,39.09739210117562,3,-0.27597422034859964,1.8688647248550412
420,RARI,471,14.034961265717593,77357634.18717201,2.089285714489819,venta,-0.5326117500615638,29.323044075881718,3,-0.37343922914782646,1.7876737734369783
421,SLP,472,0.02410892163408234,77315447.16882965,1216.2735654849143,venta,-885.3168089259584,29.323044075881715,3,-0.5208652928777497,4.278277540476553
422,ONUS,473,0.7607926161605645,75629625.57197939,38.54275587460896,compra,38.54275587460896,29.323044075881715,3,0.0,0.0
423,DIA,474,1.258920707856761,75629507.93616857,23.29220886818399,compra,0.6411123667944381,29.323044075881718,3,-0.37343922914782646,0.9964446016556224
424,SAITO,475,0.07129570955757643,75959058.33370201,411.2876392961801,compra,411.2876392961801,29.323044075881715,3,0.0,0.0
425,MONA,476,1.1446964073565749,75240522.68174174,25.616437587671694,venta,-14.19243333084847,29.323044075881715,3,-0.629759544496443,-0.8813222341818361
426,TABOO,477,0.007673068669010135,75063160.67466022,3821.5537147883415,venta,-2304.777020577183,29.323044075881718,3,-0.8126230135776693,-0.8126230135776693
427,SDN,478,1.511184735291417,74491665.36678532,19.40401023851465,venta,-17.149182540735282,29.323044075881707,3,-0.7706739522609872,-1.210399833131257
428,XHV,479,3.5330875804531607,75290735.82830891,8.299551994723178,venta,-1.3490006366514913,29.323044075881715,3,-0.37343922914782657,2.045548421283807
429,DVPN,480,0.01145315145461477,74007958.35570592,2560.259871885891,venta,-1025.8426560579412,29.323044075881715,3,-0.629759544496443,0.014761090760791018
430,FWT,481,0.0136081627768272,74238777.37868918,2154.8128543711105,venta,-257.2655206587097,29.323044075881715,3,0.018161252634781855,0.1662398968778831
431,IDIA,482,1.6367992580628101,73655966.61282645,17.914868870716752,venta,-12.133075377963005,29.323044075881715,3,-0.5911774841694604,-0.5911774841694604
432,DNT,483,0.12285748998163026,73714493.98897816,238.67526579182203,venta,-51.42763815698634,29.323044075881715,3,-0.5927354989460873,-0.5950943022138376
433,HARD,484,0.7611357917882703,73576460.12657806,37.96006935066497,,0.0,28.892767441556035,3,-0.38263317432572574,0.5299177609777525
434,ADX,485,0.5281267924166002,73453054.80208394,56.40023644190993,,0.0,29.78647596360374,3,-0.24781626354536013,1.5354606426924073
435,XMON,486,49160.27595481842,73490570.10296178,0.000596478427070498,compra,0.000596478427070498,29.323044075881715,3,0.0,0.0
436,NIF,487,44.999778111362275,72812598.05484395,0.6516264147639821,compra,0.057642782936265013,29.323044075881715,3,-0.11316070746527174,0.0
437,SHFT,488,0.5068127124625553,72682051.15834945,57.857751699644226,venta,-33.41611913968602,29.32304407588171,3,-0.5289890091630363,0.2611483855646721
438,GRID,489,1.8577610377944005,72892024.23957065,15.784077434789497,compra,15.784077434789497,29.323044075881715,3,0.0,0.0
439,BOR,490,510.87553621989395,72654240.72157454,0.05739762818327696,compra,0.05739762818327696,29.323044075881715,3,0.0,0.0
440,GMT,491,0.30322432400599475,72010171.24334586,96.7041287733302,compra,96.7041287733302,29.323044075881715,3,-0.31202185678296157,0.0
441,SIDUS,492,0.13120927294562612,71637680.45791991,223.48301623493754,compra,223.48301623493754,29.323044075881715,3,0.0,0.0
442,CORE,493,7106.657893970341,71066578.93970342,0.004126136999047177,venta,-0.0018405218062030873,29.323044075881718,3,-0.5208652928777497,0.15968354250738437
443,FIO,494,0.15222875155335852,70968760.60164182,192.624873926024,compra,192.624873926024,29.323044075881718,3,-0.45698066526144965,-0.2636625270721019
444,MDT,495,0.10391419661092159,70262312.73677836,282.18515883516733,compra,282.18515883516733,29.323044075881715,3,0.0,0.0
445,RAMP,496,0.17387921084235866,70480461.47355482,168.6403103270718,venta,-23.280529932865544,29.32304407588171,3,-0.45698066526144976,2.19311989338117
446,BEL,497,1.4709617676687128,70606164.84809822,19.800793612386833,,0.0,29.126210373319893,3,-0.2644896370373765,2.838854925530757
447,ELA,498,3.43101014937631,69779684.04922102,8.546475469101152,compra,8.546475469101152,29.32304407588171,3,-0.2595190889928861,1.6791408851283425
448,MARO,499,0.09628749739830614,68527543.83398172,304.5363610872865,compra,304.5363610872865,29.323044075881715,3,-0.4032231758776934,-0.4032231758776934
449,MIX,500,0.014976364929693353,70388063.13088018,1957.9546981887092,venta,-906.4279519376825,29.323044075881718,3,-0.5906895572916638,0.0
